Product Name/Title,Product Description Test,Product Description Summary,Product Size,Product Price (USD),UOM (Unit of Measure),Availability Status,SKU Number,Manufacturer #/ Category #,Vendor Name,Vendor Fulfillment Center,Vendor Email,Vendor Phone Number,Vendor Website URI,Vendor Website Link text,Manufacturer Name,Manufacturer Phone Number,Product Category,Product Type,"Vendor Address (Region, Country)",Comments,Supplier Reviewed,Revision log message
8000 Series Multi-Gas/Vapor Assembled Reusable Half Mask Respirator - Large (Respiratory Mask) 234532,8000 Series Multi-Gas/Vapor Assembled Reusable Half Mask Respirator - Large (Respiratory Mask),8000 Series Multi-Gas/Vapor Assembled Reusable Half Mask Respirator - Large (Respiratory Mask),N/A, $31.22 , EA ,Available - In Stock,234532,we234w5,AG Safety,"New York, United States",example1@example2.com,,https://www.agssafety.com/default.aspx?page=item%20detail&itemcode=8602,https://www.agssafety.com/default.aspx?page=item%20detail&itemcode=8603,Moldex,12125842158,Mask,Mask,"New York, United States",,,
Safety Goggles 234533,Safety Goggles,Safety Goggles,N/A, $4.15 , EA ,Available - In Stock,234533,we234w6,Geotech Supply,"New York, United States",example1@example2.com,,https://www.geotechsupply.com/safetygoggles.aspx,https://www.geotechsupply.com/safetygoggles.aspx,,12125842158,Mask,Mask,"New York, United States",,,
8000 Series Multi-Gas/Vapor Assembled Reusable Half Mask Respirator - Large (Respiratory Mask) 234534,8000 Series Multi-Gas/Vapor Assembled Reusable Half Mask Respirator - Large (Respiratory Mask),8000 Series Multi-Gas/Vapor Assembled Reusable Half Mask Respirator - Large (Respiratory Mask),N/A, $31.22 , EA ,Available - In Stock,234534,we234w7,AG Safety,"New York, United States",example1@example2.com,602-535-2000,https://www.agssafety.com/default.aspx?page=item%20detail&itemcode=8602,https://www.agssafety.com/default.aspx?page=item%20detail&itemcode=8603,Moldex,12125842158,Mask,Mask,"New York, United States","Duplicate row, see row #3",,"Duplicate row, see row #3"
8000 Series P100 Assembled Reusable Half Mask Respirator & Particulate Filter Disks (Respiratory Mask) 234535,8000 Series P100 Assembled Reusable Half Mask Respirator & Particulate Filter Disks (Respiratory Mask),8000 Series P100 Assembled Reusable Half Mask Respirator & Particulate Filter Disks (Respiratory Mask),N/A, $26.14 , EA ,Available - In Stock,234535,we234w8,AG Safety,"New York, United States",example1@example2.com,602-535-2000,https://www.agssafety.com/default.aspx?page=item%20detail&itemcode=8942-M,https://www.agssafety.com/default.aspx?page=item%20detail&itemcode=8942-M,Moldex,12125842158,Mask,Mask,"New York, United States",,,
Respirator half mask Lg Moldex (Respiratory Mask) 234536,Respirator half mask Lg Moldex (Respiratory Mask),Respirator half mask Lg Moldex (Respiratory Mask),N/A, $15.56 , EA ,Available - In Stock,234536,we234w9,AG Safety,"New York, United States",example1@example2.com,602-535-2000,https://www.agssafety.com/default.aspx?page=item%20detail&itemcode=7003-L,https://www.agssafety.com/default.aspx?page=item%20detail&itemcode=7003-L,Moldex,12125842158,Mask,Mask,"New York, United States",,,
8000 Series Paint Spray/Pesticide Assembled Reusable Half Mask Respirator Size-Medium (Respiratory Mask) 234537,8000 Series Paint Spray/Pesticide Assembled Reusable Half Mask Respirator Size-Medium (Respiratory Mask),8000 Series Paint Spray/Pesticide Assembled Reusable Half Mask Respirator Size-Medium (Respiratory Mask),N/A, $35.79 , EA ,Available - In Stock,234537,we234w10,AG Safety,"New York, United States",example1@example2.com,602-535-2000,https://www.agssafety.com/default.aspx?page=item%20detail&itemcode=8112N,https://www.agssafety.com/default.aspx?page=item%20detail&itemcode=8112N,Moldex,12125842158,Mask,Mask,"New York, United States",,,
Disposable Particulate Respirators N95 234538,Disposable Particulate Respirators N95,Disposable Particulate Respirators N95,N/A, $15.61 , EA ,Available - In Stock,234538,we234w11,Equipment Direct,"New York, United States",example1@example2.com,800-424-4410,https://www.equipdirect.com/disposableparticulaterespirators-priceperbox2.aspx,https://www.equipdirect.com/disposableparticulaterespirators-priceperbox2.aspx,,12125842158,Mask,Mask,"New York, United States",,,
"PIP¨ 270-4000 Disposable Face Mask, Universal, 0.99, Latex-Free Headstrap, Blue Outside/White Inside 234539","PIP¨ 270-4000 Disposable Face Mask, Universal, 0.99, Latex-Free Headstrap, Blue Outside/White Inside","PIP¨ 270-4000 Disposable Face Mask, Universal, 0.99, Latex-Free Headstrap, Blue Outside/White Inside",N/A, $4.30 , EA ,Available - In Stock,234539,we234w12,Fairmont Supply,"New York, United States",example1@example2.com,724-223-2200,https://www.fairmontsupply.com/1198411/Product/PIP%C2%AE-270-3999,https://www.fairmontsupply.com/1198411/Product/PIP%C2%AE-270-4000,PIP,12125842158,Mask,Mask,"New York, United States",,,
Certified Safety 216-040 Face Mask With Eye Shield 234540,Certified Safety 216-040 Face Mask With Eye Shield,Certified Safety 216-040 Face Mask With Eye Shield,N/A, $2.85 , EA ,Available - In Stock,234540,we234w13,Fairmont Supply,"New York, United States",example1@example2.com,724-223-2200,https://www.fairmontsupply.com/1161842/Product/Certified-Safety-216-039,https://www.fairmontsupply.com/1161842/Product/Certified-Safety-216-040,Certified Safety,12125842158,Mask,Mask,"New York, United States",special order,,special order
"Gerson¨ 1501 Nuisance Dust Mask, 50/Box 234541","Gerson¨ 1501 Nuisance Dust Mask, 50/Box","Gerson¨ 1501 Nuisance Dust Mask, 50/Box",N/A, $7.71 , 50/box ,Available - In Stock,234541,we234w14,Fairmont Supply,"New York, United States",example1@example2.com,724-223-2200,https://www.fairmontsupply.com/1234845/Product/Gerson%C2%AE-1500,https://www.fairmontsupply.com/1234845/Product/Gerson%C2%AE-1501,Gerson,12125842158,Mask,Mask,"New York, United States",special order,,special order
"Curad¨ CUR384S Antiviral Medical Face Mask, Pleated, 10/Box 234542","Curad¨ CUR384S Antiviral Medical Face Mask, Pleated, 10/Box","Curad¨ CUR384S Antiviral Medical Face Mask, Pleated, 10/Box",N/A, $12.43 , 10/box ,Available - In Stock,234542,we234w15,Fairmont Supply,"New York, United States",example1@example2.com,724-223-2200,https://www.fairmontsupply.com/1238893/Product/Curad%C2%AE-CUR384S,https://www.fairmontsupply.com/1238893/Product/Curad%C2%AE-CUR384S,Curad,12125842158,Mask,Mask,"New York, United States",special order,,special order
"
Medline NON27375Z Standard Procedure Face Mask, Cellulose, Blue, 50/Box 234543","
Medline NON27375Z Standard Procedure Face Mask, Cellulose, Blue, 50/Box","
Medline NON27375Z Standard Procedure Face Mask, Cellulose, Blue, 50/Box",N/A, $14.40 , 50/box ,Available - In Stock,234543,we234w16,Fairmont Supply,"New York, United States",example1@example2.com,724-223-2200,https://www.fairmontsupply.com/1237245/Product/Medline-NON27375Z,https://www.fairmontsupply.com/1237245/Product/Medline-NON27375Z,Medline,12125842158,Mask,Mask,"New York, United States",special order,,special order
Moldex 2700N95 Series Particulate Respirators 234544,Moldex 2700N95 Series Particulate Respirators,Moldex 2700N95 Series Particulate Respirators,N/A, $33.12 , N/A ,Available - In Stock,234544,we234w17,Geotech Supply,"New York, United States",example1@example2.com,800-589-0541,https://www.geotechsupply.com/moldex2700n95seriesparticulaterespirators.aspx,https://www.geotechsupply.com/moldex2700n95seriesparticulaterespirators.aspx,Moldex,12125842158,Mask,Mask,"New York, United States",,,
Moldex N-100 Respirator 234545,Moldex N-100 Respirator,Moldex N-100 Respirator,N/A, $36.90 , N/A ,Available - In Stock,234545,we234w18,Geotech Supply,"New York, United States",example1@example2.com,800-589-0541,https://www.geotechsupply.com/moldexn-100respirator.aspx,https://www.geotechsupply.com/moldexn-100respirator.aspx,Moldex,12125842158,Mask,Mask,"New York, United States",,,
Moldex R-95 Respirator 234546,Moldex R-95 Respirator,Moldex R-95 Respirator,N/A, $51.79 , N/A ,Available - In Stock,234546,we234w19,Geotech Supply,"New York, United States",example1@example2.com,800-589-0541,https://www.geotechsupply.com/moldexr-95respirator.aspx,https://www.geotechsupply.com/moldexr-95respirator.aspx,Moldex,12125842158,Mask,Mask,"New York, United States",,,
"19845
REGAL TOOL PRODUCTS 234547","19845
REGAL TOOL PRODUCTS","19845
REGAL TOOL PRODUCTS",N/A, $3.11 , 10/box ,Available - In Stock,234547,we234w20,HCI Supply Store,"New York, United States",example1@example2.com,,http://hcisupplystore.com/index.php?option=com_virtuemart&view=productdetails&virtuemart_product_id=20431&virtuemart_category_id=8560&Itemid=104,http://hcisupplystore.com/index.php?option=com_virtuemart&view=productdetails&virtuemart_product_id=20431&virtuemart_category_id=8560&Itemid=105,RGL,12125842158,Mask,Mask,"New York, United States",,,
"DM-3
PYRAMEX SAFETY PRODUCTS 234548","DM-3
PYRAMEX SAFETY PRODUCTS","DM-3
PYRAMEX SAFETY PRODUCTS",N/A, $1.42 , EA ,Available - In Stock,234548,we234w21,HCI Supply Store,"New York, United States",example1@example2.com,,http://hcisupplystore.com/index.php?option=com_virtuemart&view=productdetails&virtuemart_product_id=20559&virtuemart_category_id=8560&Itemid=104,http://hcisupplystore.com/index.php?option=com_virtuemart&view=productdetails&virtuemart_product_id=20559&virtuemart_category_id=8560&Itemid=105,PSP,12125842158,Mask,Mask,"New York, United States",,,
"2200
MOLDEX SAFETY PRODUCTS 234549","2200
MOLDEX SAFETY PRODUCTS","2200
MOLDEX SAFETY PRODUCTS",N/A, $1.55 , EA ,Available - In Stock,234549,we234w22,HCI Supply Store,"New York, United States",example1@example2.com,,http://hcisupplystore.com/index.php?option=com_virtuemart&view=productdetails&virtuemart_product_id=26651&virtuemart_category_id=8560&Itemid=104,http://hcisupplystore.com/index.php?option=com_virtuemart&view=productdetails&virtuemart_product_id=26651&virtuemart_category_id=8560&Itemid=105,Moldex,12125842158,Mask,Mask,"New York, United States",,,
P95 DUST MASK-MMM8577 234550,P95 DUST MASK-MMM8577,P95 DUST MASK-MMM8577,N/A, $7.20 , EA ,Available - In Stock,234550,we234w23,HCI Supply Store,"New York, United States",example1@example2.com,,http://hcisupplystore.com/index.php?option=com_virtuemart&view=productdetails&virtuemart_product_id=115652&virtuemart_category_id=8560&Itemid=104,http://hcisupplystore.com/index.php?option=com_virtuemart&view=productdetails&virtuemart_product_id=115652&virtuemart_category_id=8560&Itemid=105,3M,12125842158,Mask,Mask,"New York, United States",,,
1200N95 DIRT DAWG N95 PARTICULATE RESPIRATOR 234551,1200N95 DIRT DAWG N95 PARTICULATE RESPIRATOR,1200N95 DIRT DAWG N95 PARTICULATE RESPIRATOR,N/A, $28.15 , 20/box ,Available - In Stock,234551,we234w24,Hub Industrial Supply,"New York, United States",example1@example2.com,,http://www.hubindustrial.com/068-003-095.html,http://www.hubindustrial.com/068-003-095.html,,12125842158,Mask,Mask,"New York, United States","Dust masks, N-95 disposable respirators, and coveralls will be sold to existing customers only
Quantities of these items will be restricted not to exceed historic volume for each customer",,"Dust masks, N-95 disposable respirators, and coveralls will be sold to existing customers only
Quantities of these items will be restricted not to exceed historic volume for each customer"
"MOLDEX¨ AIR WAVE¨ N95 PARTICULATE RESPIRATOR, MEDIUM / LARGE 234552","MOLDEX¨ AIR WAVE¨ N95 PARTICULATE RESPIRATOR, MEDIUM / LARGE","MOLDEX¨ AIR WAVE¨ N95 PARTICULATE RESPIRATOR, MEDIUM / LARGE",N/A, $26.10 , 10/box ,Available - In Stock,234552,we234w25,Hub Industrial Supply,"New York, United States",example1@example2.com,,http://www.hubindustrial.com/068-003-082.html,http://www.hubindustrial.com/068-003-082.html,Moldex,12125842158,Mask,Mask,"New York, United States","Dust masks, N-95 disposable respirators, and coveralls will be sold to existing customers only
Quantities of these items will be restricted not to exceed historic volume for each customer",,"Dust masks, N-95 disposable respirators, and coveralls will be sold to existing customers only
Quantities of these items will be restricted not to exceed historic volume for each customer"
"MOLDEX¨ AIR WAVE¨ N95 PARTICULATE RESPIRATOR, SMALL 234553","MOLDEX¨ AIR WAVE¨ N95 PARTICULATE RESPIRATOR, SMALL","MOLDEX¨ AIR WAVE¨ N95 PARTICULATE RESPIRATOR, SMALL",N/A, $21.49 , 10/box ,Available - In Stock,234553,we234w26,Hub Industrial Supply,"New York, United States",example1@example2.com,,http://www.hubindustrial.com/068-003-089.html,http://www.hubindustrial.com/068-003-089.html,Moldex,12125842158,Mask,Mask,"New York, United States","Dust masks, N-95 disposable respirators, and coveralls will be sold to existing customers only
Quantities of these items will be restricted not to exceed historic volume for each customer",,"Dust masks, N-95 disposable respirators, and coveralls will be sold to existing customers only
Quantities of these items will be restricted not to exceed historic volume for each customer"
3M N95 WELDING PARTICULATE RESPIRATOR WITH VALVE 234554,3M N95 WELDING PARTICULATE RESPIRATOR WITH VALVE,3M N95 WELDING PARTICULATE RESPIRATOR WITH VALVE,N/A, $101.30 , 10/box ,Available - In Stock,234554,we234w27,Hub Industrial Supply,"New York, United States",example1@example2.com,,http://www.hubindustrial.com/068-003-057.html,http://www.hubindustrial.com/068-003-057.html,3M,12125842158,Mask,Mask,"New York, United States","Dust masks, N-95 disposable respirators, and coveralls will be sold to existing customers only
Quantities of these items will be restricted not to exceed historic volume for each customer",,"Dust masks, N-95 disposable respirators, and coveralls will be sold to existing customers only
Quantities of these items will be restricted not to exceed historic volume for each customer"
MOLDEX¨ 2200N95HV HI-VIS N95 PARTICULATE RESPIRATOR 234555,MOLDEX¨ 2200N95HV HI-VIS N95 PARTICULATE RESPIRATOR,MOLDEX¨ 2200N95HV HI-VIS N95 PARTICULATE RESPIRATOR,N/A, $34.96 , 20/box ,Available - In Stock,234555,we234w28,Hub Industrial Supply,"New York, United States",example1@example2.com,,http://www.hubindustrial.com/068-003-100.html,http://www.hubindustrial.com/068-003-100.html,Moldex,12125842158,Mask,Mask,"New York, United States","Dust masks, N-95 disposable respirators, and coveralls will be sold to existing customers only
Quantities of these items will be restricted not to exceed historic volume for each customer",,"Dust masks, N-95 disposable respirators, and coveralls will be sold to existing customers only
Quantities of these items will be restricted not to exceed historic volume for each customer"
 234556,,,N/A, NA , NA ,Available - In Stock,234556,we234w29,www.selectsafetysales.com,"New York, United States",example1@example2.com,866-864-3495,https://www.selectsafetysales.com/c-129-disposable-respirators.aspx,https://www.selectsafetysales.com/c-129-disposable-respirators.aspx,,12125842158,Mask,Mask,"New York, United States",mkane@selectsafetysales.com,,mkane@selectsafetysales.com
3 Ply Face Masks 234557,3 Ply Face Masks,3 Ply Face Masks,N/A, $0.28 , N/A ,Available - In Stock,234557,we234w30,"ADD: NO. 8 Hewan Industrial District, Yanhe Road, Xiantao City, Hubei Pro. 433000 China.","New York, United States",example1@example2.com,"86-728-3280667   
Fax: 86-728-3257965",http://xtlingyang.com,http://xtlingyang.com,Xianto Lingyang Plastic Co. LTD,12125842158,Mask,Mask,"New York, United States","Price is pre-shipping. They can produce about 200K masks a day and can get them produced and to a port for air shipping within 3-4 days. 3-ply face mask, with melt-blown filter, 50pc/box, 40box/carton, MOQ 200,000pcs, FOB shanghai USD$0.28/pc, payment term: 100% TT",,"Price is pre-shipping. They can produce about 200K masks a day and can get them produced and to a port for air shipping within 3-4 days. 3-ply face mask, with melt-blown filter, 50pc/box, 40box/carton, MOQ 200,000pcs, FOB shanghai USD$0.28/pc, payment term: 100% TT"
K95 masks  (alternative to 3M N95) 234558,K95 masks  (alternative to 3M N95),K95 masks  (alternative to 3M N95),N/A, $1.75 , N/A ,Available - In Stock,234558,we234w31,"Chris: 703-627-0334  Minority Woman Owned 8(A) certified   U.S. Mask Supply, LLC    21525 Ridgetop Circle Suite 190  Sterling, VA 20166","New York, United States",example1@example2.com,"703-627-0334
800-674-9863",http://USMaskSupply.com ,http://USMaskSupply.com ,,12125842158,Mask,Mask,"New York, United States",,,
Moldex 2700N95 Series Particulate Respirator 234559,Moldex 2700N95 Series Particulate Respirator,Moldex 2700N95 Series Particulate Respirator,N/A, $33.12 , N/A ,Available - In Stock,234559,we234w32,Geotech Supply,"New York, United States",example1@example2.com,, https://www.geotechsupply.com/moldex2700n95seriesparticulaterespirators.aspx , https://www.geotechsupply.com/moldex2700n95seriesparticulaterespirators.aspx ,Moldex,12125842158,Mask,Mask,"New York, United States","Duplicate row, see row #15",,"Duplicate row, see row #15"
Reusable Half Mask Respirators 234560,Reusable Half Mask Respirators,Reusable Half Mask Respirators,N/A, $18.10 N/A $45.75 , EA ,Available - In Stock,234560,we234w33,Grainger,"New York, United States",example1@example2.com,800-472-4643,"https://www.grainger.com/category/safety/respiratory-protection/half-mask-respirators?attrs=Disposable%2F+Reusable%7CDisposable%7CReusable~~Half+Mask+Suspension+Type%7CStandard&branchAvailability=112&brandName=3M%7CHONEYWELL+NORTH%7CMOLDEX%7CMSA&filters=attrs,branchAvailability,brandName","https://www.grainger.com/category/safety/respiratory-protection/half-mask-respirators?attrs=Disposable%2F+Reusable%7CDisposable%7CReusable~~Half+Mask+Suspension+Type%7CStandard&branchAvailability=112&brandName=3M%7CHONEYWELL+NORTH%7CMOLDEX%7CMSA&filters=attrs,branchAvailability,brandName",Moldex,12125842158,Mask,Mask,"New York, United States",Called supplier directly on 3/30. Supplier confirmed that no types of masks or respirators are available currently and can't even give an idea of how long before restocking.,Called by AMR on 3/30,Called supplier directly on 3/30. Supplier confirmed that no types of masks or respirators are available currently and can't even give an idea of how long before restocking.
8000 Series Paint Spray/Pesticide Assembled Reusable Half Mask Respirator Size-Large (Respiratory Mask) 234561,8000 Series Paint Spray/Pesticide Assembled Reusable Half Mask Respirator Size-Large (Respiratory Mask),8000 Series Paint Spray/Pesticide Assembled Reusable Half Mask Respirator Size-Large (Respiratory Mask),N/A, $35.79 , EA ,Available - In Stock,234561,we234w34,AG Safety,"New York, United States",example1@example2.com,602-535-2000,https://www.agssafety.com/default.aspx?page=item%20detail&itemcode=8113N,https://www.agssafety.com/default.aspx?page=item%20detail&itemcode=8113N,Moldex,12125842158,Mask,Mask,"New York, United States",Called supplier directly on 3/30. Supplier confirmed that no types of masks or respirators are available currently and don't expect availability till another 8 to 10 weeks.,Called by AMR on 3/30,Called supplier directly on 3/30. Supplier confirmed that no types of masks or respirators are available currently and don't expect availability till another 8 to 10 weeks.
2801N95 Dust\Organic Vapor Mask Bg10 Sm 234562,2801N95 Dust\Organic Vapor Mask Bg10 Sm,2801N95 Dust\Organic Vapor Mask Bg10 Sm,N/A, $529.82 , CA ,Available - In Stock,234562,we234w35,AG Safety,"New York, United States",example1@example2.com,602-535-2000,https://www.agssafety.com/default.aspx?page=item%20detail&itemcode=2801N94,https://www.agssafety.com/default.aspx?page=item%20detail&itemcode=2801N95,Moldex,12125842158,Mask,Mask,"New York, United States",Called supplier directly on 3/30. Supplier confirmed that no types of masks or respirators are available currently and don't expect availability till another 8 to 10 weeks.,Called by AMR on 3/30,Called supplier directly on 3/30. Supplier confirmed that no types of masks or respirators are available currently and don't expect availability till another 8 to 10 weeks.
1501 Nuisance Mask 234563,1501 Nuisance Mask,1501 Nuisance Mask,N/A, $5.82 , BX ,Available - In Stock,234563,we234w36,Ark Safety,"New York, United States",example1@example2.com,717-692-4837,https://www.arksafety.com/products/nuisance-mask-1,https://www.arksafety.com/products/nuisance-mask-0,,12125842158,Mask,Mask,"New York, United States",Called supplier directly on 3/30. Supplier confirmed that no types of masks or respirators are available currently and don't expect availability till atleast 2 months.,Called by AMR on 3/30,Called supplier directly on 3/30. Supplier confirmed that no types of masks or respirators are available currently and don't expect availability till atleast 2 months.
N95 Particulate Filter Respirator & Surgical Mask 234564,N95 Particulate Filter Respirator & Surgical Mask,N95 Particulate Filter Respirator & Surgical Mask,N/A, $225.33 , CA ,Available - In Stock,234564,we234w37,Ark Safety,"New York, United States",example1@example2.com,717-692-4837,https://www.arksafety.com/products/n95-particulate-filter-respirator-surgical-mask-1,https://www.arksafety.com/products/n95-particulate-filter-respirator-surgical-mask-0,Kimberly-Clark,12125842158,Mask,Mask,"New York, United States",Called supplier directly on 3/30. Supplier confirmed that no types of masks or respirators are available currently and don't expect availability till atleast 2 months.,Called by AMR on 3/30,Called supplier directly on 3/30. Supplier confirmed that no types of masks or respirators are available currently and don't expect availability till atleast 2 months.
1500 Series N95 Healthcare Particulate Respirator and Surgical Mask (x-small) 234565,1500 Series N95 Healthcare Particulate Respirator and Surgical Mask (x-small),1500 Series N95 Healthcare Particulate Respirator and Surgical Mask (x-small),N/A, $188.01 , CA ,Available - In Stock,234565,we234w38,Ark Safety,"New York, United States",example1@example2.com,717-692-4837,https://www.arksafety.com/products/1500-series-n95-healthcare-particulate-respirator-and-surgical-mask-0,https://www.arksafety.com/products/1500-series-n95-healthcare-particulate-respirator-and-surgical-mask-0,Moldex,12125842158,Mask,Mask,"New York, United States",Called supplier directly on 3/30. Supplier confirmed that no types of masks or respirators are available currently and don't expect availability till atleast 2 months.,Called by AMR on 3/30,Called supplier directly on 3/30. Supplier confirmed that no types of masks or respirators are available currently and don't expect availability till atleast 2 months.
1501 Series N95 Healthcare Particulate Respirator and Surgical Mask (small) 234566,1501 Series N95 Healthcare Particulate Respirator and Surgical Mask (small),1501 Series N95 Healthcare Particulate Respirator and Surgical Mask (small),N/A, $189.01 , CA ,Available - In Stock,234566,we234w39,Ark Safety,"New York, United States",example1@example2.com,717-692-4837,https://www.arksafety.com/products/1500-series-n95-healthcare-particulate-respirator-and-surgical-mask-0,https://www.arksafety.com/products/1500-series-n95-healthcare-particulate-respirator-and-surgical-mask-0,Moldex,12125842158,Mask,Mask,"New York, United States",Called supplier directly on 3/30. Supplier confirmed that no types of masks or respirators are available currently and don't expect availability till atleast 2 months.,Called by AMR on 3/30,Called supplier directly on 3/30. Supplier confirmed that no types of masks or respirators are available currently and don't expect availability till atleast 2 months.
1502 Series N95 Healthcare Particulate Respirator and Surgical Mask (medium) 234567,1502 Series N95 Healthcare Particulate Respirator and Surgical Mask (medium),1502 Series N95 Healthcare Particulate Respirator and Surgical Mask (medium),N/A, $190.01 , CA ,Available - In Stock,234567,we234w40,Ark Safety,"New York, United States",example1@example2.com,717-692-4837,https://www.arksafety.com/products/1500-series-n95-healthcare-particulate-respirator-and-surgical-mask-2,https://www.arksafety.com/products/1500-series-n95-healthcare-particulate-respirator-and-surgical-mask-2,Moldex,12125842158,Mask,Mask,"New York, United States",Called supplier directly on 3/30. Supplier confirmed that no types of masks or respirators are available currently and don't expect availability till atleast 2 months.,Called by AMR on 3/30,Called supplier directly on 3/30. Supplier confirmed that no types of masks or respirators are available currently and don't expect availability till atleast 2 months.
1503 Series N95 Healthcare Particulate Respirator and Surgical Mask (large) 234568,1503 Series N95 Healthcare Particulate Respirator and Surgical Mask (large),1503 Series N95 Healthcare Particulate Respirator and Surgical Mask (large),N/A, $191.01 , CA ,Available - In Stock,234568,we234w41,Ark Safety,"New York, United States",example1@example2.com,717-692-4837,https://www.arksafety.com/products/1500-series-n95-healthcare-particulate-respirator-and-surgical-mask-3,https://www.arksafety.com/products/1500-series-n95-healthcare-particulate-respirator-and-surgical-mask-3,Moldex,12125842158,Mask,Mask,"New York, United States",Called supplier directly on 3/30. Supplier confirmed that no types of masks or respirators are available currently and don't expect availability till atleast 2 months.,Called by AMR on 3/30,Called supplier directly on 3/30. Supplier confirmed that no types of masks or respirators are available currently and don't expect availability till atleast 2 months.
1504 Series N95 Healthcare Particulate Respirator and Surgical Mask (low profile) 234569,1504 Series N95 Healthcare Particulate Respirator and Surgical Mask (low profile),1504 Series N95 Healthcare Particulate Respirator and Surgical Mask (low profile),N/A, $192.01 , CA ,Available - In Stock,234569,we234w42,Ark Safety,"New York, United States",example1@example2.com,717-692-4837,https://www.arksafety.com/products/1500-series-n95-healthcare-particulate-respirator-and-surgical-mask-4,https://www.arksafety.com/products/1500-series-n95-healthcare-particulate-respirator-and-surgical-mask-4,Moldex,12125842158,Mask,Mask,"New York, United States",Called supplier directly on 3/30. Supplier confirmed that no types of masks or respirators are available currently and don't expect availability till atleast 2 months.,Called by AMR on 3/30,Called supplier directly on 3/30. Supplier confirmed that no types of masks or respirators are available currently and don't expect availability till atleast 2 months.
SAF-T-FIT PLUS N1105 ECONOMICAL RESPIRATOR (small - x large) 234570,SAF-T-FIT PLUS N1105 ECONOMICAL RESPIRATOR (small - x large),SAF-T-FIT PLUS N1105 ECONOMICAL RESPIRATOR (small - x large),N/A, $15.99 , BX ,Available - In Stock,234570,we234w43,Ark Safety,"New York, United States",example1@example2.com, 717-692-4837,https://www.arksafety.com/products/saf-t-fit-plus-n1105-economical-respirator,https://www.arksafety.com/products/saf-t-fit-plus-n1105-economical-respirator,Honeywell,12125842158,Mask,Mask,"New York, United States",Called supplier directly on 3/30. Supplier confirmed that no types of masks or respirators are available currently and don't expect availability till atleast 2 months.,Called by AMR on 3/30,Called supplier directly on 3/30. Supplier confirmed that no types of masks or respirators are available currently and don't expect availability till atleast 2 months.
SAF-T-FIT PLUS N1115 STANDARD RESPIRATOR (small - xlarge) 234571,SAF-T-FIT PLUS N1115 STANDARD RESPIRATOR (small - xlarge),SAF-T-FIT PLUS N1115 STANDARD RESPIRATOR (small - xlarge),N/A, $18.10 , BX ,Available - In Stock,234571,we234w44,Ark Safety,"New York, United States",example1@example2.com,717-692-4845,https://www.arksafety.com/products/saf-t-fit-plus-n1115-standard-respirator,https://www.arksafety.com/products/saf-t-fit-plus-n1115-standard-respirator,Honeywell,12125842158,Mask,Mask,"New York, United States",Called supplier directly on 3/30. Supplier confirmed that no types of masks or respirators are available currently and don't expect availability till atleast 2 months.,Called by AMR on 3/30,Called supplier directly on 3/30. Supplier confirmed that no types of masks or respirators are available currently and don't expect availability till atleast 2 months.
SAF-T-FIT PLUS N1125 PREMIUM RESPIRATOR 234572,SAF-T-FIT PLUS N1125 PREMIUM RESPIRATOR,SAF-T-FIT PLUS N1125 PREMIUM RESPIRATOR,N/A, $37.07 , BX ,Available - In Stock,234572,we234w45,Ark Safety,"New York, United States",example1@example2.com,717-692-4846,https://www.arksafety.com/products/saf-t-fit-plus-n1125-premium-respirator,https://www.arksafety.com/products/saf-t-fit-plus-n1125-premium-respirator,Honeywell,12125842158,Mask,Mask,"New York, United States",Called supplier directly on 3/30. Supplier confirmed that no types of masks or respirators are available currently and don't expect availability till atleast 2 months.,Called by AMR on 3/30,Called supplier directly on 3/30. Supplier confirmed that no types of masks or respirators are available currently and don't expect availability till atleast 2 months.
SAF-T-FIT PLUS N99 RESPIRATOR 234573,SAF-T-FIT PLUS N99 RESPIRATOR,SAF-T-FIT PLUS N99 RESPIRATOR,N/A, $28.37 , BX ,Not Available - Out of Stock,234573,we234w46,,"New York, United States",example1@example2.com,,https://www.arksafety.com/products/saf-t-fit-plus-n99-respirator,https://www.arksafety.com/products/saf-t-fit-plus-n99-respirator,,12125842158,Mask,Mask,"New York, United States",Called supplier directly on 3/30. Supplier confirmed that no types of masks or respirators are available currently and don't expect availability till atleast 2 months.,Called by AMR on 3/30,Called supplier directly on 3/30. Supplier confirmed that no types of masks or respirators are available currently and don't expect availability till atleast 2 months.
SAF-T-FIT PLUS P95 RESPIRATOR 234574,SAF-T-FIT PLUS P95 RESPIRATOR,SAF-T-FIT PLUS P95 RESPIRATOR,N/A, $53.32 , BX ,Not Available - Out of Stock,234574,we234w47,Ark Safety,"New York, United States",example1@example2.com,717-692-4847,https://www.arksafety.com/products/saf-t-fit-plus-p95-respirator,https://www.arksafety.com/products/saf-t-fit-plus-p95-respirator,Honeywell,12125842158,Mask,Mask,"New York, United States",Called supplier directly on 3/30. Supplier confirmed that no types of masks or respirators are available currently and don't expect availability till atleast 2 months.,Called by AMR on 3/30,Called supplier directly on 3/30. Supplier confirmed that no types of masks or respirators are available currently and don't expect availability till atleast 2 months.
2800 N95 Particulate Respirator 234575,2800 N95 Particulate Respirator,2800 N95 Particulate Respirator,N/A, $438.08 , CA ,Not Available - Out of Stock,234575,we234w48,Ark Safety,"New York, United States",example1@example2.com,717-692-4848,https://www.arksafety.com/products/2800-n95-particulate-respirator,https://www.arksafety.com/products/2800-n95-particulate-respirator,Moldex,12125842158,Mask,Mask,"New York, United States",Called supplier directly on 3/30. Supplier confirmed that no types of masks or respirators are available currently and don't expect availability till atleast 2 months.,Called by AMR on 3/30,Called supplier directly on 3/30. Supplier confirmed that no types of masks or respirators are available currently and don't expect availability till atleast 2 months.
2200N95 Series N95 Disposable Respirators 234576,2200N95 Series N95 Disposable Respirators,2200N95 Series N95 Disposable Respirators,N/A, $28.15 , BX ,Not Available - Out of Stock,234576,we234w49,"Clark-McKibben Safety Products, Inc.","New York, United States",example1@example2.com,814-453-4365,http://clark-mckibbensafety.com/store/product.cfm?pID=7C5043404C13745A,http://clark-mckibbensafety.com/store/product.cfm?pID=7C5043404C13745A,Moldex,12125842158,Mask,Mask,"New York, United States",Called supplier directly on 3/30. Supplier confirmed that no types of masks or respirators are available currently and don't expect availability till mid June.,Called by AMR on 3/30,Called supplier directly on 3/30. Supplier confirmed that no types of masks or respirators are available currently and don't expect availability till mid June.
2300N95 Series N95 Disposable Respirators with Exhale Valve 234577,2300N95 Series N95 Disposable Respirators with Exhale Valve,2300N95 Series N95 Disposable Respirators with Exhale Valve,N/A, $34.00 , BX ,Not Available - Out of Stock,234577,we234w50,"Clark-McKibben Safety Products, Inc.","New York, United States",example1@example2.com,814-453-4365,http://clark-mckibbensafety.com/store/product.cfm?pID=7C5043404C157C52,http://clark-mckibbensafety.com/store/product.cfm?pID=7C5043404C157C53,Moldex,12125842158,Mask,Mask,"New York, United States",Called supplier directly on 3/30. Supplier confirmed that no types of masks or respirators are available currently and don't expect availability till mid June.,Called by AMR on 3/30,Called supplier directly on 3/30. Supplier confirmed that no types of masks or respirators are available currently and don't expect availability till mid June.
2360P100 Series P100 Disposable Respirator 234578,2360P100 Series P100 Disposable Respirator,2360P100 Series P100 Disposable Respirator,N/A, $60.40 , BG ,Not Available - Out of Stock,234578,we234w51,"Clark-McKibben Safety Products, Inc.","New York, United States",example1@example2.com,814-453-4365,http://clark-mckibbensafety.com/store/product.cfm?pID=7C5040404917795B,http://clark-mckibbensafety.com/store/product.cfm?pID=7C5040404917795B,Moldex,12125842158,Mask,Mask,"New York, United States",Called supplier directly on 3/30. Supplier confirmed that no types of masks or respirators are available currently and don't expect availability till mid June.,Called by AMR on 3/30,Called supplier directly on 3/30. Supplier confirmed that no types of masks or respirators are available currently and don't expect availability till mid June.
2400N95 Series N95 Plus Nuisance Organic Vapors/Ozone Disposable Respirator 234579,2400N95 Series N95 Plus Nuisance Organic Vapors/Ozone Disposable Respirator,2400N95 Series N95 Plus Nuisance Organic Vapors/Ozone Disposable Respirator,N/A, $56.43 , BG ,Not Available - Out of Stock,234579,we234w52,"Clark-McKibben Safety Products, Inc.","New York, United States",example1@example2.com,814-453-4365,http://clark-mckibbensafety.com/store/product.cfm?pID=7C5043404C13745A,http://clark-mckibbensafety.com/store/product.cfm?pID=7C5043404C13745A,Moldex,12125842158,Mask,Mask,"New York, United States",Called supplier directly on 3/30. Supplier confirmed that no types of masks or respirators are available currently and don't expect availability till mid June.,Called by AMR on 3/30,Called supplier directly on 3/30. Supplier confirmed that no types of masks or respirators are available currently and don't expect availability till mid June.
2700N95 Series N95 Disposable Respirator with HandyStrap¨ and Ventex¨ Valve 234580,2700N95 Series N95 Disposable Respirator with HandyStrap¨ and Ventex¨ Valve,2700N95 Series N95 Disposable Respirator with HandyStrap¨ and Ventex¨ Valve,N/A, $40.48 , BX ,Not Available - Out of Stock,234580,we234w53,"Clark-McKibben Safety Products, Inc.","New York, United States",example1@example2.com,814-453-4365,http://clark-mckibbensafety.com/store/product.cfm?pID=7C5040404918785A,http://clark-mckibbensafety.com/store/product.cfm?pID=7C5040404918785A,Moldex,12125842158,Mask,Mask,"New York, United States",Called supplier directly on 3/30. Supplier confirmed that no types of masks or respirators are available currently and don't expect availability till mid June.,Called by AMR on 3/30,Called supplier directly on 3/30. Supplier confirmed that no types of masks or respirators are available currently and don't expect availability till mid June.
2730N100 Series N100 Disposable Respirators with HandyStrap¨ 234581,2730N100 Series N100 Disposable Respirators with HandyStrap¨,2730N100 Series N100 Disposable Respirators with HandyStrap¨,N/A, $46.15 , BX ,Not Available - Out of Stock,234581,we234w54,"Clark-McKibben Safety Products, Inc.","New York, United States",example1@example2.com,814-453-4365,http://clark-mckibbensafety.com/store/product.cfm?pID=7C50404048117451,http://clark-mckibbensafety.com/store/product.cfm?pID=7C50404048117451,Moldex,12125842158,Mask,Mask,"New York, United States",Called supplier directly on 3/30. Supplier confirmed that no types of masks or respirators are available currently and don't expect availability till mid June.,Called by AMR on 3/30,Called supplier directly on 3/30. Supplier confirmed that no types of masks or respirators are available currently and don't expect availability till mid June.
2800N95 Series N95 with Nuisance Organic Vapors Disposable Respirator with HandyStrap¨ 234582,2800N95 Series N95 with Nuisance Organic Vapors Disposable Respirator with HandyStrap¨,2800N95 Series N95 with Nuisance Organic Vapors Disposable Respirator with HandyStrap¨,N/A, $60.55 , BX ,Not Available - Out of Stock,234582,we234w55,"Clark-McKibben Safety Products, Inc.","New York, United States",example1@example2.com,814-453-4365,http://clark-mckibbensafety.com/store/product.cfm?pID=7C50434148167C55,http://clark-mckibbensafety.com/store/product.cfm?pID=7C50434148167C56,Moldex,12125842158,Mask,Mask,"New York, United States",Called supplier directly on 3/30. Supplier confirmed that no types of masks or respirators are available currently and don't expect availability till mid June.,Called by AMR on 3/30,Called supplier directly on 3/30. Supplier confirmed that no types of masks or respirators are available currently and don't expect availability till mid June.
4200 Series AirWave¨ N95 Disposable Respirators 234583,4200 Series AirWave¨ N95 Disposable Respirators,4200 Series AirWave¨ N95 Disposable Respirators,N/A, $23.25 , BX ,Not Available - Out of Stock,234583,we234w56,"Clark-McKibben Safety Products, Inc.","New York, United States",example1@example2.com,814-453-4365,http://clark-mckibbensafety.com/store/product.cfm?pID=7C53404048177955,http://clark-mckibbensafety.com/store/product.cfm?pID=7C53404048177955,Moldex,12125842158,Mask,Mask,"New York, United States",Called supplier directly on 3/30. Supplier confirmed that no types of masks or respirators are available currently and don't expect availability till mid June.,Called by AMR on 3/30,Called supplier directly on 3/30. Supplier confirmed that no types of masks or respirators are available currently and don't expect availability till mid June.
Dirt Dawgs¨ N95 Disposable Respirators 234584,Dirt Dawgs¨ N95 Disposable Respirators,Dirt Dawgs¨ N95 Disposable Respirators,N/A, $25.70 , BX ,Not Available - Out of Stock,234584,we234w57,"Clark-McKibben Safety Products, Inc.","New York, United States",example1@example2.com,814-453-4365,http://clark-mckibbensafety.com/store/product.cfm?pID=7C50404049197A52,http://clark-mckibbensafety.com/store/product.cfm?pID=7C50404049197A53,Moldex,12125842158,Mask,Mask,"New York, United States",Called supplier directly on 3/30. Supplier confirmed that no types of masks or respirators are available currently and don't expect availability till mid June.,Called by AMR on 3/30,Called supplier directly on 3/30. Supplier confirmed that no types of masks or respirators are available currently and don't expect availability till mid June.
N99 Welding Disposable Respirators 234585,N99 Welding Disposable Respirators,N99 Welding Disposable Respirators,N/A, $53.20 , BG ,Not Available - Out of Stock,234585,we234w58,"Clark-McKibben Safety Products, Inc.","New York, United States",example1@example2.com,814-453-4365,http://clark-mckibbensafety.com/store/product.cfm?pID=7C50404C41187C51,http://clark-mckibbensafety.com/store/product.cfm?pID=7C50404C41187C52,Moldex,12125842158,Mask,Mask,"New York, United States",Called supplier directly on 3/30. Supplier confirmed that no types of masks or respirators are available currently and don't expect availability till mid June.,Called by AMR on 3/30,Called supplier directly on 3/30. Supplier confirmed that no types of masks or respirators are available currently and don't expect availability till mid June.
Moldex AirWave¨ 4200 N95 Disposable Respirator 234586,Moldex AirWave¨ 4200 N95 Disposable Respirator,Moldex AirWave¨ 4200 N95 Disposable Respirator,N/A, N/A , BX ,Not Available - Out of Stock,234586,we234w59,Colony Hardware,"New York, United States",example1@example2.com,800-698-0781,https://www.colonyhardware.com/product/respiratory-protection/moldex-airwave-4200-n95-disposable-respirator/P13-0000,https://www.colonyhardware.com/product/respiratory-protection/moldex-airwave-4200-n95-disposable-respirator/P13-0001,Moldex,12125842158,Mask,Mask,"New York, United States",Called on 3/30. Toatlly out of stock. ,Called by AMR on 3/30,Called on 3/30. Toatlly out of stock. 
"MOLDEX¨ 2200N95 DISPOSABLE PARTICULATE RESPIRATOR WITH MOLDED NOSE BRIDGE, M TO L, RESISTS: NON-OIL BASED PARTICULATES 234587","MOLDEX¨ 2200N95 DISPOSABLE PARTICULATE RESPIRATOR WITH MOLDED NOSE BRIDGE, M TO L, RESISTS: NON-OIL BASED PARTICULATES","MOLDEX¨ 2200N95 DISPOSABLE PARTICULATE RESPIRATOR WITH MOLDED NOSE BRIDGE, M TO L, RESISTS: NON-OIL BASED PARTICULATES",N/A, N/A , N/A ,Not Available - Out of Stock,234587,we234w60,Dillon Supply ,"New York, United States",example1@example2.com,800-849-3900,https://www.dillonsupply.com/Product/moldex-2200n94,https://www.dillonsupply.com/Product/moldex-2200n95,Moldex,12125842158,Mask,Mask,"New York, United States",Called supplier directly on 3/30. Supplier confirmed that no types of masks or respirators are available currently and don't expect availability until sometime and unwilling to give a time frame at this time.,Called by AMR on 3/30,Called supplier directly on 3/30. Supplier confirmed that no types of masks or respirators are available currently and don't expect availability until sometime and unwilling to give a time frame at this time.
"FastCap MXV Dust Mask, N95 234588","FastCap MXV Dust Mask, N95","FastCap MXV Dust Mask, N95",N/A, N/A , N/A ,Not Available - Out of Stock,234588,we234w61,EB Bradley ,"New York, United States",example1@example2.com,800-533-3030,https://www.ebbradley.com/fastcap-mxv-dust-mask-n95.html,https://www.ebbradley.com/fastcap-mxv-dust-mask-n95.html,FastCap,12125842158,Mask,Mask,"New York, United States",Called on 3/30. No stock. Back ordered until mid April. B2B sales only.,,Called on 3/30. No stock. Back ordered until mid April. B2B sales only.
2600 N95 234589,2600 N95,2600 N95,N/A, N/A , N/A ,Not Available - Out of Stock,234589,we234w62,Edge Construction Supply,"New York, United States",example1@example2.com,509-535-9841,https://www.edgecs.com/products/c/3/safety-security/s/25/particulate-respirators/p/4818/particulate-respirators,https://www.edgecs.com/products/c/3/safety-security/s/25/particulate-respirators/p/4818/particulate-respirators,Moldex,12125842158,Mask,Mask,"New York, United States",Called on 3/30. Out of stock.  No information on when they would be available again.,,Called on 3/30. Out of stock.  No information on when they would be available again.
"PIP¨ 270-1000 Disposable Standard Nuisance Dust Mask, Universal, Latex Free Braided/Ultrasonic Weld to Mask Headstrap, 185 gm Single Layer Polyester, White 234590","PIP¨ 270-1000 Disposable Standard Nuisance Dust Mask, Universal, Latex Free Braided/Ultrasonic Weld to Mask Headstrap, 185 gm Single Layer Polyester, White","PIP¨ 270-1000 Disposable Standard Nuisance Dust Mask, Universal, Latex Free Braided/Ultrasonic Weld to Mask Headstrap, 185 gm Single Layer Polyester, White",N/A, $6.40 , BX ,Not Available - Out of Stock,234590,we234w63,Fairmont Supply,"New York, United States",example1@example2.com,724-223-2200,https://www.fairmontsupply.com/1200915/Product/PIP%C2%AE-270-999,https://www.fairmontsupply.com/1200915/Product/PIP%C2%AE-270-1000,PIP,12125842158,Mask,Mask,"New York, United States",Called on 3/30. Out of stock.  No information on when they would be available again.,,Called on 3/30. Out of stock.  No information on when they would be available again.
"3M Dust Mask For Fine Dust With Breather Valve
Sold Individually 234591","3M Dust Mask For Fine Dust With Breather Valve
Sold Individually","3M Dust Mask For Fine Dust With Breather Valve
Sold Individually",N/A, N/A , N/A ,Not Available - Out of Stock,234591,we234w64,Feddick Distributing,"New York, United States",example1@example2.com,877-343-6420,https://feddickdistributing.com/product/8233n100-2/,https://feddickdistributing.com/product/8233n100-2/,3M,12125842158,Mask,Mask,"New York, United States",Pricing not provided.  Did not pickup phone.  Emailed.,,Pricing not provided.  Did not pickup phone.  Emailed.
Small Moldex Dust Mask With Breather Valve & Nose Flange 234592,Small Moldex Dust Mask With Breather Valve & Nose Flange,Small Moldex Dust Mask With Breather Valve & Nose Flange,N/A, N/A , N/A ,Not Available - Out of Stock,234592,we234w65,Feddick Distributing,"New York, United States",example1@example2.com,877-343-6420,https://feddickdistributing.com/product/2301n95-2/,https://feddickdistributing.com/product/2301n95-2/,3M,12125842158,Mask,Mask,"New York, United States",Pricing not provided.  Did not pickup phone.  Emailed.,,Pricing not provided.  Did not pickup phone.  Emailed.
"N99, Disposable Respirator, Molded, M/L, PK 10 234593","N99, Disposable Respirator, Molded, M/L, PK 10","N99, Disposable Respirator, Molded, M/L, PK 10",N/A, $54.50 , PK ,Not Available - Out of Stock,234593,we234w66,Grainger,"New York, United States",example1@example2.com,,https://www.grainger.com/product/MOLDEX-N99-1DLP2,https://www.grainger.com/product/MOLDEX-N99-1DLP3,Moldex,12125842158,Mask,Mask,"New York, United States",Out of Stock,,Out of Stock
"N95, Low Profile Disposable Respirator, Molded, S, PK 20 234594","N95, Low Profile Disposable Respirator, Molded, S, PK 20","N95, Low Profile Disposable Respirator, Molded, S, PK 20",N/A, $30.00 , PK ,Not Available - Out of Stock,234594,we234w67,Grainger,"New York, United States",example1@example2.com,,https://www.grainger.com/product/MOLDEX-N95-1DLL6,https://www.grainger.com/product/MOLDEX-N95-1DLL7,Moldex,12125842158,Mask,Mask,"New York, United States",Out of Stock,,Out of Stock
"N95, Disposable Respirator, Molded, M/L, PK 10 234595","N95, Disposable Respirator, Molded, M/L, PK 10","N95, Disposable Respirator, Molded, M/L, PK 10",N/A, $66.50 , PK ,Not Available - Out of Stock,234595,we234w68,Grainger,"New York, United States",example1@example2.com,,https://www.grainger.com/product/MOLDEX-N95-3NML1,https://www.grainger.com/product/MOLDEX-N95-3NML2,Moldex,12125842158,Mask,Mask,"New York, United States",Out of Stock,,Out of Stock
"N95, Disposable Respirator, Molded, M/L, PK 10 234596","N95, Disposable Respirator, Molded, M/L, PK 10","N95, Disposable Respirator, Molded, M/L, PK 10",N/A, $53.00 , PK ,Not Available - Out of Stock,234596,we234w69,Grainger,"New York, United States",example1@example2.com,,https://www.grainger.com/product/MOLDEX-N95-3CDE5,https://www.grainger.com/product/MOLDEX-N95-3CDE6,Moldex,12125842158,Mask,Mask,"New York, United States",Out of Stock,,Out of Stock
"N95, Disposable Respirator, Molded, S, PK 10 234597","N95, Disposable Respirator, Molded, S, PK 10","N95, Disposable Respirator, Molded, S, PK 10",N/A, $75.00 , PK ,Not Available - Out of Stock,234597,we234w70,Grainger,"New York, United States",example1@example2.com,,https://www.grainger.com/product/MOLDEX-N95-1DLN6,https://www.grainger.com/product/MOLDEX-N95-1DLN7,Moldex,12125842158,Mask,Mask,"New York, United States",Out of Stock,,Out of Stock
N95 PARTICULATE RESPIRATOR 234598,N95 PARTICULATE RESPIRATOR,N95 PARTICULATE RESPIRATOR,N/A, $14.50 , BX ,Not Available - Out of Stock,234598,we234w71,Hub Industrial Supply,"New York, United States",example1@example2.com,800.743.9401,http://www.hubindustrial.com/068-003-019.html,http://www.hubindustrial.com/068-003-019.html,,12125842158,Mask,Mask,"New York, United States",Called on 3/30. Out of stock.  No information on when they would be available again.,,Called on 3/30. Out of stock.  No information on when they would be available again.
4600/N95 MOLDEX¨ AIR WAVE PARTICULATE RESPIRATOR WITH HANDY STRAP MEDIUM/LARGE 234599,4600/N95 MOLDEX¨ AIR WAVE PARTICULATE RESPIRATOR WITH HANDY STRAP MEDIUM/LARGE,4600/N95 MOLDEX¨ AIR WAVE PARTICULATE RESPIRATOR WITH HANDY STRAP MEDIUM/LARGE,N/A, $32.11 , BX ,Not Available - Out of Stock,234599,we234w72,Hub Industrial Supply,"New York, United States",example1@example2.com,800.743.9402,http://www.hubindustrial.com/068-003-101.html,http://www.hubindustrial.com/068-003-101.html,Moldex,12125842158,Mask,Mask,"New York, United States",Called on 3/30. Out of stock.  No information on when they would be available again.,,Called on 3/30. Out of stock.  No information on when they would be available again.
N95 PARTICULATE RESPIRATOR WITH EXHALATION VALVE 234600,N95 PARTICULATE RESPIRATOR WITH EXHALATION VALVE,N95 PARTICULATE RESPIRATOR WITH EXHALATION VALVE,N/A, $16.60 , BX ,Not Available - Out of Stock,234600,we234w73,Hub Industrial Supply,"New York, United States",example1@example2.com,800.743.9403,http://www.hubindustrial.com/068-003-018.html,http://www.hubindustrial.com/068-003-018.html,,12125842158,Mask,Mask,"New York, United States",Called on 3/30. Out of stock.  No information on when they would be available again.,,Called on 3/30. Out of stock.  No information on when they would be available again.
" Particulate Respirator
8210 N95 234601"," Particulate Respirator
8210 N95"," Particulate Respirator
8210 N95",N/A, N/A , N/A ,Not Available - Out of Stock,234601,we234w74,Hunt Cleaners,"New York, United States",example1@example2.com,308-784-3366,http://www.huntcleaners.com/respirators.html,http://www.huntcleaners.com/respirators.html,3M,12125842158,Mask,Mask,"New York, United States",Called on 3/30. Out of stock.  No information on when they would be available again.,,Called on 3/30. Out of stock.  No information on when they would be available again.
Particulate Respirator 2200 N95 234602,Particulate Respirator 2200 N95,Particulate Respirator 2200 N95,N/A, N/A , N/A ,Not Available - Out of Stock,234602,we234w75,Hunt Cleaners,"New York, United States",example1@example2.com,308-784-3366,http://www.huntcleaners.com/respirators.html,http://www.huntcleaners.com/respirators.html,Moldex,12125842158,Mask,Mask,"New York, United States",Called on 3/30. Out of stock.  No information on when they would be available again.,,Called on 3/30. Out of stock.  No information on when they would be available again.
"KIMBERLY-CLARK PROFESSION Procedure Mask, Regular Size, Blu 234603","KIMBERLY-CLARK PROFESSION Procedure Mask, Regular Size, Blu","KIMBERLY-CLARK PROFESSION Procedure Mask, Regular Size, Blu",N/A, $14.53 , PK ,Not Available - Out of Stock,234603,we234w76,J Supply,"New York, United States",example1@example2.com,1-800-283-3321,https://www.jsupply.com/kimberly-clark-profession-procedure-mask-regular-size-blue-412-47079,https://www.jsupply.com/kimberly-clark-profession-procedure-mask-regular-size-blue-412-47080,Kimberly-Clark,12125842158,Mask,Mask,"New York, United States",Called on 3/30. Out of stock.  No information on when they would be available again.,,Called on 3/30. Out of stock.  No information on when they would be available again.
Traditional N95 234604,Traditional N95,Traditional N95,N/A, N/A , N/A ,Not Available - Out of Stock,234604,we234w77,Noble Supply,"New York, United States",example1@example2.com,,www.noble.com,www.noble.com,,12125842158,Mask,Mask,"New York, United States","Supply chain company.  Not a distributer of masks.
Tom Noble tom.noble@noblesupply.com
Cassia Proude cproude@noble.com
Nick Liolios nliolios@noble.com",,"Supply chain company.  Not a distributer of masks.
Tom Noble tom.noble@noblesupply.com
Cassia Proude cproude@noble.com
Nick Liolios nliolios@noble.com"
9G0C00 Ð FDA KN95 Cupped Shape Mask  234605,9G0C00 Ð FDA KN95 Cupped Shape Mask ,9G0C00 Ð FDA KN95 Cupped Shape Mask ,N/A,$3.85 , EA ,Not Available - Out of Stock,234605,we234w78,Care+Wear,"New York, United States",example1@example2.com,,https://www.careandwear.com/,https://www.careandwear.com/,,12125842158,Mask,Mask,"New York, United States","Emailed on 3/30.
Chat Razdan crazdan@careandwear.com 
purchaseorders@careandwear.com",,"Emailed on 3/30.
Chat Razdan crazdan@careandwear.com 
purchaseorders@careandwear.com"
 234606,,,N/A, N/A , N/A ,Not Available - Out of Stock,234606,we234w79,Ricevillagemedsupply,"New York, United States",example1@example2.com,713-589-5819,https://www.ricevillagemedsupply.com/,https://www.ricevillagemedsupply.com/,,12125842158,Mask,Mask,"New York, United States",Out of stock. ricevillagemedsupply@gmail.com - inquiry sent,,Out of stock. ricevillagemedsupply@gmail.com - inquiry sent
 234607,,,N/A, $25.92 , EA ,Not Available - Out of Stock,234607,we234w80,Saf-T-Gard,"New York, United States",example1@example2.com,800-548-4273,https://www.saftgard.com/,https://www.saftgard.com/,,12125842158,Mask,Mask,"New York, United States",No face masks in stock. Masks available as part of workplace First Aid Kits,,No face masks in stock. Masks available as part of workplace First Aid Kits
 234608,,,N/A, NA , NA ,Not Available - Out of Stock,234608,we234w81,Indiamart,"New York, United States",example1@example2.com,91-951-0012830,https://www.indiamart.com/company/81690336/,https://www.indiamart.com/company/81690336/,,12125842158,Mask,Mask,"New York, United States",Emailed request for Quote,,Emailed request for Quote
 234609,,,N/A, $89.50 , box(2) ,Not Available - Out of Stock,234609,we234w82,Noble Dental Supplies,"New York, United States",example1@example2.com,866-333-6825,https://www.nobledentalsupplies.com/etxra-safe-earloop-masks-valumax-extra-safe-earloop-masks-sky-blue-bx49,https://www.nobledentalsupplies.com/etxra-safe-earloop-masks-valumax-extra-safe-earloop-masks-sky-blue-bx50,,12125842158,Mask,Mask,"New York, United States",Out of Stock,,Out of Stock
 234610,,,N/A, N/A , N/A ,Not Available - Out of Stock,234610,we234w83,Preferred Homecare,"New York, United States",example1@example2.com,866-260-2192,https://preferredhomecare.com/,https://preferredhomecare.com/,,12125842158,Mask,Mask,"New York, United States",Out of stock. ,,Out of stock. 
 234611,,,N/A, N/A , N/A ,Not Available - Out of Stock,234611,we234w84,Alcare Pharmaceuticals Pte Ltd ,"New York, United States",example1@example2.com,6250 8689 82184157,https://alcare.sg/,https://alcare.sg/,,12125842158,Mask,Mask,"New York, United States",Emailed request for Quote,,Emailed request for Quote
 234612,,,N/A, N/A , N/A ,Not Available - Out of Stock,234612,we234w85,Virginia,"New York, United States",example1@example2.com,403-241-5872,https://www.vita.virginia.gov/supply-chain/e-rate/,https://www.vita.virginia.gov/supply-chain/e-rate/,,12125842158,Mask,Mask,"New York, United States",Virginia state agency. Request for Quote,,Virginia state agency. Request for Quote
 234613,,,N/A, N/A , N/A ,Not Available - Out of Stock,234613,we234w86,DIMAR ,"New York, United States",example1@example2.com,39-0535-611328,www.dimarsrl.com/eng/,www.dimarsrl.com/eng/,,12125842158,Mask,Mask,"New York, United States",Emailed request for Quote,,Emailed request for Quote
EDGEª 67-100 Series - Face Masks 234614,EDGEª 67-100 Series - Face Masks,EDGEª 67-100 Series - Face Masks,N/A, N/A , N/A ,Not Available - Out of Stock,234614,we234w87,Astara Group SAC,"New York, United States",example1@example2.com,1-732-345-5400,http://astaragroup.com/,http://astaragroup.com/,EDGE,12125842158,Mask,Mask,"New York, United States",On 3/30 called their distributor RS Hughes.  Out of stock until July.,,On 3/30 called their distributor RS Hughes.  Out of stock until July.
 234615,,,N/A, N/A , N/A ,Not Available - Out of Stock,234615,we234w88,AOK Tooling Limited ,"New York, United States",example1@example2.com,909-591-6454,http://www.toolingexpress.com/,http://www.toolingexpress.com/,,12125842158,Mask,Mask,"New York, United States",Manufacturing equipment.,,Manufacturing equipment.
 234616,,,N/A, N/A , N/A ,Not Available - Out of Stock,234616,we234w89,Zoetek Medical Inc,"New York, United States",example1@example2.com,585-924-4730Ê,https://zoetekmedical.com/,https://zoetekmedical.com/,,12125842158,Mask,Mask,"New York, United States",Emailed request for Quote,,Emailed request for Quote
Masks & other PPE 234617,Masks & other PPE,Masks & other PPE,N/A,,,Not Available - Out of Stock,234617,we234w90,Medicom Inc,"New York, United States",example1@example2.com,800-361-2862,https://www.medicom-eu.com/,https://www.medicom-eu.com/,,12125842158,Mask,Mask,"New York, United States",3/31/20. Called and left message with customer service.,,3/31/20. Called and left message with customer service.
Masks & other PPE 234618,Masks & other PPE,Masks & other PPE,N/A,,,Not Available - Out of Stock,234618,we234w91,Thomas Scientific,"New York, United States",example1@example2.com,800-345-2100,https://www.thomassci.com/,https://www.thomassci.com/,,12125842158,Mask,Mask,"New York, United States",3/31/20. Called and spoke to customer service. None in stock and no idea when it will be available.,,3/31/20. Called and spoke to customer service. None in stock and no idea when it will be available.
Masks & other PPE 234619,Masks & other PPE,Masks & other PPE,N/A,,,Not Available - Out of Stock,234619,we234w92,Cardinal Health,"New York, United States",example1@example2.com,800-234-8701 ,https://www.cardinalhealth.com/en.html,https://www.cardinalhealth.com/en.html,,12125842158,Mask,Mask,"New York, United States",3/31/20. Called but could not get through to their sales or customer service. Long hold on phone.,,3/31/20. Called but could not get through to their sales or customer service. Long hold on phone.
Masks & other PPE 234620,Masks & other PPE,Masks & other PPE,N/A,,,Not Available - Out of Stock,234620,we234w93,Deroyal Industries,"New York, United States",example1@example2.com,800-251-9864 ,https://www.deroyal.com/,https://www.deroyal.com/,,12125842158,Mask,Mask,"New York, United States",3/31/20. Called and spoke to customer service. None in stock and no idea when it will be available.,,3/31/20. Called and spoke to customer service. None in stock and no idea when it will be available.
Masks & other PPE 234621,Masks & other PPE,Masks & other PPE,N/A,,,Not Available - Out of Stock,234621,we234w94,Cleanroom Supply,"New York, United States",example1@example2.com,888-999-1721,https://www.cleanroomsupply.com/,https://www.cleanroomsupply.com/,,12125842158,Mask,Mask,"New York, United States",Website states that orders are limited to existing customers only,,Website states that orders are limited to existing customers only
Masks & other PPE 234622,Masks & other PPE,Masks & other PPE,N/A,,,Not Available - Out of Stock,234622,we234w95,ShopMedVet,"New York, United States",example1@example2.com,800-544-7521,https://www.shopmedvet.com/category/apparel-textile-surgical-masks,https://www.shopmedvet.com/category/apparel-textile-surgical-masks,,12125842158,Mask,Mask,"New York, United States",Website states that company is online order only,,Website states that company is online order only
 234623,,,N/A,,,Not Available - Out of Stock,234623,we234w96,,"New York, United States",example1@example2.com,,,,,12125842158,Mask,Mask,"New York, United States",,,
 234624,,,N/A,,,Not Available - Out of Stock,234624,we234w97,,"New York, United States",example1@example2.com,,,,,12125842158,Mask,Mask,"New York, United States",,,
 234625,,,N/A,,,Not Available - Out of Stock,234625,we234w98,,"New York, United States",example1@example2.com,,,,,12125842158,Mask,Mask,"New York, United States",,,
 234626,,,N/A,,,Not Available - Out of Stock,234626,we234w99,,"New York, United States",example1@example2.com,,,,,12125842158,Mask,Mask,"New York, United States",,,
"UKAINT 3 ply Earloop Surgical Face Mask (BFE 95%), Pack of 10 234627","UKAINT 3 ply Earloop Surgical Face Mask (BFE 95%), Pack of 10","UKAINT 3 ply Earloop Surgical Face Mask (BFE 95%), Pack of 10",N/A, $14.99 , 10/pack ,Not Available - Out of Stock,234627,we234w100,MedLab Supply,"New York, United States",example1@example2.com,(800) 660-5998,https://www.medical-and-lab-supplies.com/cleanroom-supplies/ukaint-3-ply-earloop-surgical-face-mask-bfe-95-pack-of-10.html,https://www.medical-and-lab-supplies.com/cleanroom-supplies/ukaint-3-ply-earloop-surgical-face-mask-bfe-95-pack-of-10.html,Ukaint,12125842158,Mask,Mask,"New York, United States",3/31/2020: Emailed customer service.,,3/31/2020: Emailed customer service.
FLUIDSHIELD* Level 1 Surgical Mask With SO SOFT* Lining 234628,FLUIDSHIELD* Level 1 Surgical Mask With SO SOFT* Lining,FLUIDSHIELD* Level 1 Surgical Mask With SO SOFT* Lining,N/A, N/A , 300/case ,Not Available - Out of Stock,234628,we234w101,Halyard,"New York, United States",example1@example2.com,(844) 425-9273,https://products.halyardhealth.com/infection-prevention/facial-respiratory-protection/masks-respirators/fluidshield-level-1-surgical-mask-with-so-soft-lining.html,https://products.halyardhealth.com/infection-prevention/facial-respiratory-protection/masks-respirators/fluidshield-level-1-surgical-mask-with-so-soft-lining.html,Halyard,12125842158,Mask,Mask,"New York, United States","3/31/2020: Pricing not provided. Did not pickup phone, emailed customer service. Need to create an account in the customer portal",,"3/31/2020: Pricing not provided. Did not pickup phone, emailed customer service. Need to create an account in the customer portal"
N95 Disposable Respirator Face Masks 234629,N95 Disposable Respirator Face Masks,N95 Disposable Respirator Face Masks,N/A, N/A , 240/case ,Not Available - Out of Stock,234629,we234w102,Emerald,"New York, United States",example1@example2.com,(800) 652-2558,https://www.emeraldppp.com/n95-respirator-masks/,https://www.emeraldppp.com/n95-respirator-masks/,Emerald,12125842158,Mask,Mask,"New York, United States","3/31/2020: Pricing not provided. Did not pickup phone, emailed customer service.",,"3/31/2020: Pricing not provided. Did not pickup phone, emailed customer service."
N95 Masks 234630,N95 Masks,N95 Masks,N/A,"$2,102.00 ", 1000EA/BX ,Not Available - Out of Stock,234630,we234w103,MI YYZ INC,"New York, United States",example1@example2.com,416-209-9455,http://miyyz.com,http://miyyz.com,,12125842158,Mask,Mask,"New York, United States","Company requires 50% payment as deposit, additional 50% upon customs arrival to United States. 2 day lead time for manufacturing upon ordering, additional 3-5 days for transit/customs. $2.21 PER EACH MASK",,"Company requires 50% payment as deposit, additional 50% upon customs arrival to United States. 2 day lead time for manufacturing upon ordering, additional 3-5 days for transit/customs. $2.21 PER EACH MASK"
Standard Surgical Masks 234631,Standard Surgical Masks,Standard Surgical Masks,N/A, $18.00 , 50EA/BX ,Not Available - Out of Stock,234631,we234w104,MI YYZ INC,"New York, United States",example1@example2.com,416-209-9455,http://miyyz.com,http://miyyz.com,,12125842158,Mask,Mask,"New York, United States","Company requires 50% payment as deposit, additional 50% upon customs arrival to United States. 2 day lead time for manufacturing upon ordering, additional 3-5 days for transit/customs. $.36 PER EACH MASK",,"Company requires 50% payment as deposit, additional 50% upon customs arrival to United States. 2 day lead time for manufacturing upon ordering, additional 3-5 days for transit/customs. $.36 PER EACH MASK"